Año;Mes;Moneda;Partida;Nombre Partida;Subtítulo;Nombre Subtítulo;Ejecución de Mayo;Ejecución a Mayo
2026;Mayo;DOLARES;06;MINISTERIO DE RELACIONES EXTERIORES;08;OTROS INGRESOS CORRIENTES;46;269
2026;Mayo;DOLARES;06;MINISTERIO DE RELACIONES EXTERIORES;09;APORTE FISCAL;8.956;101.357
2026;Mayo;DOLARES;06;MINISTERIO DE RELACIONES EXTERIORES;10;VENTA DE ACTIVOS NO FINANCIEROS;1;1
2026;Mayo;DOLARES;06;MINISTERIO DE RELACIONES EXTERIORES;11;VENTA DE ACTIVOS FINANCIEROS;0;1.649
2026;Mayo;DOLARES;06;MINISTERIO DE RELACIONES EXTERIORES;21;GASTOS EN PERSONAL;6.696;34.094
2026;Mayo;DOLARES;06;MINISTERIO DE RELACIONES EXTERIORES;22;BIENES Y SERVICIOS DE CONSUMO;2.071;13.786
2026;Mayo;DOLARES;06;MINISTERIO DE RELACIONES EXTERIORES;23;PRESTACIONES DE SEGURIDAD SOCIAL;1;33
2026;Mayo;DOLARES;06;MINISTERIO DE RELACIONES EXTERIORES;24;TRANSFERENCIAS CORRIENTES;941;16.226
2026;Mayo;DOLARES;06;MINISTERIO DE RELACIONES EXTERIORES;29;ADQUISICIÓN DE ACTIVOS NO FINANCIEROS;31;565
2026;Mayo;DOLARES;06;MINISTERIO DE RELACIONES EXTERIORES;31;INICIATIVAS DE INVERSIÓN;0;8
2026;Mayo;DOLARES;11;MINISTERIO DE DEFENSA NACIONAL;08;OTROS INGRESOS CORRIENTES;1;61
2026;Mayo;DOLARES;11;MINISTERIO DE DEFENSA NACIONAL;09;APORTE FISCAL;6.415;50.312
2026;Mayo;DOLARES;11;MINISTERIO DE DEFENSA NACIONAL;11;VENTA DE ACTIVOS FINANCIEROS;0;7.067
2026;Mayo;DOLARES;11;MINISTERIO DE DEFENSA NACIONAL;12;RECUPERACIÓN DE PRÉSTAMOS;68;924
2026;Mayo;DOLARES;11;MINISTERIO DE DEFENSA NACIONAL;21;GASTOS EN PERSONAL;2.868;14.156
2026;Mayo;DOLARES;11;MINISTERIO DE DEFENSA NACIONAL;22;BIENES Y SERVICIOS DE CONSUMO;3.961;17.186
2026;Mayo;DOLARES;11;MINISTERIO DE DEFENSA NACIONAL;23;PRESTACIONES DE SEGURIDAD SOCIAL;1;242
2026;Mayo;DOLARES;11;MINISTERIO DE DEFENSA NACIONAL;24;TRANSFERENCIAS CORRIENTES;16;13.350
2026;Mayo;DOLARES;11;MINISTERIO DE DEFENSA NACIONAL;25;INTEGROS AL FISCO;0;2.254
2026;Mayo;DOLARES;11;MINISTERIO DE DEFENSA NACIONAL;32;PRÉSTAMOS;25;246
2026;Mayo;DOLARES;11;MINISTERIO DE DEFENSA NACIONAL;34;SERVICIO DE LA DEUDA;0;4.775
2026;Mayo;DOLARES;50;TESORO PÚBLICO;01;IMPUESTOS;31.173;162.353
2026;Mayo;DOLARES;50;TESORO PÚBLICO;05;TRANSFERENCIAS CORRIENTES;0;289.946
2026;Mayo;DOLARES;50;TESORO PÚBLICO;06;RENTAS DE LA PROPIEDAD;242.675;376.511
2026;Mayo;DOLARES;50;TESORO PÚBLICO;07;INGRESOS DE OPERACIÓN;160;911
2026;Mayo;DOLARES;50;TESORO PÚBLICO;08;OTROS INGRESOS CORRIENTES;552;356.138
2026;Mayo;DOLARES;50;TESORO PÚBLICO;11;VENTA DE ACTIVOS FINANCIEROS;-1.368.928;571.715
2026;Mayo;DOLARES;50;TESORO PÚBLICO;14;ENDEUDAMIENTO;0;4.334.167
2026;Mayo;DOLARES;50;TESORO PÚBLICO;22;BIENES Y SERVICIOS DE CONSUMO;4.865;14.107
2026;Mayo;DOLARES;50;TESORO PÚBLICO;24;TRANSFERENCIAS CORRIENTES;48.783;221.797
2026;Mayo;DOLARES;50;TESORO PÚBLICO;27;APORTE FISCAL LIBRE;15.371;151.794
2026;Mayo;DOLARES;50;TESORO PÚBLICO;30;ADQUISICIÓN DE ACTIVOS FINANCIEROS;726.041;2.910.409
2026;Mayo;DOLARES;50;TESORO PÚBLICO;34;SERVICIO DE LA DEUDA;104.156;2.553.227
2026;Mayo;PESOS;01;PRESIDENCIA DE LA REPÚBLICA;05;TRANSFERENCIAS CORRIENTES;22.976;83.650
2026;Mayo;PESOS;01;PRESIDENCIA DE LA REPÚBLICA;08;OTROS INGRESOS CORRIENTES;27.049;135.520
2026;Mayo;PESOS;01;PRESIDENCIA DE LA REPÚBLICA;09;APORTE FISCAL;1.971.808;10.963.499
2026;Mayo;PESOS;01;PRESIDENCIA DE LA REPÚBLICA;12;RECUPERACIÓN DE PRÉSTAMOS;-258;1.424.763
2026;Mayo;PESOS;01;PRESIDENCIA DE LA REPÚBLICA;21;GASTOS EN PERSONAL;809.653;4.747.936
2026;Mayo;PESOS;01;PRESIDENCIA DE LA REPÚBLICA;22;BIENES Y SERVICIOS DE CONSUMO;434.706;2.793.089
2026;Mayo;PESOS;01;PRESIDENCIA DE LA REPÚBLICA;24;TRANSFERENCIAS CORRIENTES;368.997;2.249.920
2026;Mayo;PESOS;01;PRESIDENCIA DE LA REPÚBLICA;25;INTEGROS AL FISCO;0;13
2026;Mayo;PESOS;01;PRESIDENCIA DE LA REPÚBLICA;29;ADQUISICIÓN DE ACTIVOS NO FINANCIEROS;321;39.590
2026;Mayo;PESOS;01;PRESIDENCIA DE LA REPÚBLICA;34;SERVICIO DE LA DEUDA;0;905.520
2026;Mayo;PESOS;02;CONGRESO NACIONAL;05;TRANSFERENCIAS CORRIENTES;6.451;20.036
2026;Mayo;PESOS;02;CONGRESO NACIONAL;08;OTROS INGRESOS CORRIENTES;99.843;520.891
2026;Mayo;PESOS;02;CONGRESO NACIONAL;09;APORTE FISCAL;13.542.072;76.580.413
2026;Mayo;PESOS;02;CONGRESO NACIONAL;12;RECUPERACIÓN DE PRÉSTAMOS;0;733.555
2026;Mayo;PESOS;02;CONGRESO NACIONAL;21;GASTOS EN PERSONAL;6.706.378;36.794.477
2026;Mayo;PESOS;02;CONGRESO NACIONAL;22;BIENES Y SERVICIOS DE CONSUMO;1.369.780;8.180.798
2026;Mayo;PESOS;02;CONGRESO NACIONAL;23;PRESTACIONES DE SEGURIDAD SOCIAL;35.510;5.039.974
2026;Mayo;PESOS;02;CONGRESO NACIONAL;24;TRANSFERENCIAS CORRIENTES;4.238.125;21.472.782
2026;Mayo;PESOS;02;CONGRESO NACIONAL;25;INTEGROS AL FISCO;14.552;66.577
2026;Mayo;PESOS;02;CONGRESO NACIONAL;29;ADQUISICIÓN DE ACTIVOS NO FINANCIEROS;197.150;1.183.504
2026;Mayo;PESOS;02;CONGRESO NACIONAL;34;SERVICIO DE LA DEUDA;0;1.000.410
2026;Mayo;PESOS;03;PODER JUDICIAL;05;TRANSFERENCIAS CORRIENTES;398.833;1.596.737
2026;Mayo;PESOS;03;PODER JUDICIAL;06;RENTAS DE LA PROPIEDAD;28.150;137.161
2026;Mayo;PESOS;03;PODER JUDICIAL;07;INGRESOS DE OPERACIÓN;45;399
2026;Mayo;PESOS;03;PODER JUDICIAL;08;OTROS INGRESOS CORRIENTES;1.702.297;14.315.209
2026;Mayo;PESOS;03;PODER JUDICIAL;09;APORTE FISCAL;45.098.440;342.129.452
2026;Mayo;PESOS;03;PODER JUDICIAL;10;VENTA DE ACTIVOS NO FINANCIEROS;0;1.440
2026;Mayo;PESOS;03;PODER JUDICIAL;12;RECUPERACIÓN DE PRÉSTAMOS;299.763;30.138.277
2026;Mayo;PESOS;03;PODER JUDICIAL;21;GASTOS EN PERSONAL;51.785.515;269.719.419
2026;Mayo;PESOS;03;PODER JUDICIAL;22;BIENES Y SERVICIOS DE CONSUMO;8.179.182;36.125.443
2026;Mayo;PESOS;03;PODER JUDICIAL;24;TRANSFERENCIAS CORRIENTES;6.634.728;12.389.435
2026;Mayo;PESOS;03;PODER JUDICIAL;29;ADQUISICIÓN DE ACTIVOS NO FINANCIEROS;210.368;618.242
2026;Mayo;PESOS;03;PODER JUDICIAL;31;INICIATIVAS DE INVERSIÓN;424.360;5.776.863
2026;Mayo;PESOS;03;PODER JUDICIAL;32;PRÉSTAMOS;2.693;14.659
2026;Mayo;PESOS;03;PODER JUDICIAL;34;SERVICIO DE LA DEUDA;0;44.657.705
2026;Mayo;PESOS;04;CONTRALORÍA GENERAL DE LA REPÚBLICA;05;TRANSFERENCIAS CORRIENTES;66.578;156.373
2026;Mayo;PESOS;04;CONTRALORÍA GENERAL DE LA REPÚBLICA;08;OTROS INGRESOS CORRIENTES;216.737;936.494
2026;Mayo;PESOS;04;CONTRALORÍA GENERAL DE LA REPÚBLICA;09;APORTE FISCAL;7.647.555;52.660.739
2026;Mayo;PESOS;04;CONTRALORÍA GENERAL DE LA REPÚBLICA;12;RECUPERACIÓN DE PRÉSTAMOS;52.685;2.980.865
2026;Mayo;PESOS;04;CONTRALORÍA GENERAL DE LA REPÚBLICA;21;GASTOS EN PERSONAL;7.293.517;42.006.014
2026;Mayo;PESOS;04;CONTRALORÍA GENERAL DE LA REPÚBLICA;22;BIENES Y SERVICIOS DE CONSUMO;1.000.356;7.192.809
2026;Mayo;PESOS;04;CONTRALORÍA GENERAL DE LA REPÚBLICA;24;TRANSFERENCIAS CORRIENTES;1.350;11.275
2026;Mayo;PESOS;04;CONTRALORÍA GENERAL DE LA REPÚBLICA;25;INTEGROS AL FISCO;187;570
2026;Mayo;PESOS;04;CONTRALORÍA GENERAL DE LA REPÚBLICA;29;ADQUISICIÓN DE ACTIVOS NO FINANCIEROS;159.329;593.145
2026;Mayo;PESOS;04;CONTRALORÍA GENERAL DE LA REPÚBLICA;34;SERVICIO DE LA DEUDA;-23;5.860.986
2026;Mayo;PESOS;05;MINISTERIO DEL INTERIOR;05;TRANSFERENCIAS CORRIENTES;100.583;574.493
2026;Mayo;PESOS;05;MINISTERIO DEL INTERIOR;06;RENTAS DE LA PROPIEDAD;394;1.830
2026;Mayo;PESOS;05;MINISTERIO DEL INTERIOR;07;INGRESOS DE OPERACIÓN;1.996.107;11.000.769
2026;Mayo;PESOS;05;MINISTERIO DEL INTERIOR;08;OTROS INGRESOS CORRIENTES;2.280.103;11.999.776
2026;Mayo;PESOS;05;MINISTERIO DEL INTERIOR;09;APORTE FISCAL;30.559.430;433.565.456
2026;Mayo;PESOS;05;MINISTERIO DEL INTERIOR;12;RECUPERACIÓN DE PRÉSTAMOS;-2.753;36.625.484
2026;Mayo;PESOS;05;MINISTERIO DEL INTERIOR;13;TRANSFERENCIAS PARA GASTOS DE CAPITAL;2.733.259;3.283.259
2026;Mayo;PESOS;05;MINISTERIO DEL INTERIOR;21;GASTOS EN PERSONAL;9.513.203;54.924.042
2026;Mayo;PESOS;05;MINISTERIO DEL INTERIOR;22;BIENES Y SERVICIOS DE CONSUMO;3.588.587;20.256.852
2026;Mayo;PESOS;05;MINISTERIO DEL INTERIOR;23;PRESTACIONES DE SEGURIDAD SOCIAL;0;91.481
2026;Mayo;PESOS;05;MINISTERIO DEL INTERIOR;24;TRANSFERENCIAS CORRIENTES;90.831.866;215.159.241
2026;Mayo;PESOS;05;MINISTERIO DEL INTERIOR;25;INTEGROS AL FISCO;35.759;1.007.147
2026;Mayo;PESOS;05;MINISTERIO DEL INTERIOR;26;OTROS GASTOS CORRIENTES;0;24.045
2026;Mayo;PESOS;05;MINISTERIO DEL INTERIOR;29;ADQUISICIÓN DE ACTIVOS NO FINANCIEROS;178.062;481.952
2026;Mayo;PESOS;05;MINISTERIO DEL INTERIOR;31;INICIATIVAS DE INVERSIÓN;1.136.700;3.877.697
2026;Mayo;PESOS;05;MINISTERIO DEL INTERIOR;33;TRANSFERENCIAS DE CAPITAL;1.135.556;33.087.420
2026;Mayo;PESOS;05;MINISTERIO DEL INTERIOR;34;SERVICIO DE LA DEUDA;0;141.567.081
2026;Mayo;PESOS;06;MINISTERIO DE RELACIONES EXTERIORES;05;TRANSFERENCIAS CORRIENTES;813.628;3.413.035
2026;Mayo;PESOS;06;MINISTERIO DE RELACIONES EXTERIORES;07;INGRESOS DE OPERACIÓN;111.227;890.648
2026;Mayo;PESOS;06;MINISTERIO DE RELACIONES EXTERIORES;08;OTROS INGRESOS CORRIENTES;70.101;927.806
2026;Mayo;PESOS;06;MINISTERIO DE RELACIONES EXTERIORES;09;APORTE FISCAL;6.786.204;40.371.737
2026;Mayo;PESOS;06;MINISTERIO DE RELACIONES EXTERIORES;11;VENTA DE ACTIVOS FINANCIEROS;0;-1.579.493
2026;Mayo;PESOS;06;MINISTERIO DE RELACIONES EXTERIORES;12;RECUPERACIÓN DE PRÉSTAMOS;-327;968.057
2026;Mayo;PESOS;06;MINISTERIO DE RELACIONES EXTERIORES;21;GASTOS EN PERSONAL;5.137.063;29.722.759
2026;Mayo;PESOS;06;MINISTERIO DE RELACIONES EXTERIORES;22;BIENES Y SERVICIOS DE CONSUMO;616.339;3.878.118
2026;Mayo;PESOS;06;MINISTERIO DE RELACIONES EXTERIORES;24;TRANSFERENCIAS CORRIENTES;789.636;7.492.784
2026;Mayo;PESOS;06;MINISTERIO DE RELACIONES EXTERIORES;25;INTEGROS AL FISCO;51.476;226.527
2026;Mayo;PESOS;06;MINISTERIO DE RELACIONES EXTERIORES;29;ADQUISICIÓN DE ACTIVOS NO FINANCIEROS;3.571;2.026.198
2026;Mayo;PESOS;06;MINISTERIO DE RELACIONES EXTERIORES;34;SERVICIO DE LA DEUDA;0;2.781.343
2026;Mayo;PESOS;07;MINISTERIO DE ECONOMÍA, FOMENTO Y TURISMO;05;TRANSFERENCIAS CORRIENTES;5.768.856;11.110.383
2026;Mayo;PESOS;07;MINISTERIO DE ECONOMÍA, FOMENTO Y TURISMO;06;RENTAS DE LA PROPIEDAD;17.467.463;471.886.034
2026;Mayo;PESOS;07;MINISTERIO DE ECONOMÍA, FOMENTO Y TURISMO;07;INGRESOS DE OPERACIÓN;1.074.964;6.694.798
2026;Mayo;PESOS;07;MINISTERIO DE ECONOMÍA, FOMENTO Y TURISMO;08;OTROS INGRESOS CORRIENTES;1.666.489;16.104.029
2026;Mayo;PESOS;07;MINISTERIO DE ECONOMÍA, FOMENTO Y TURISMO;09;APORTE FISCAL;22.790.696;118.122.268
2026;Mayo;PESOS;07;MINISTERIO DE ECONOMÍA, FOMENTO Y TURISMO;10;VENTA DE ACTIVOS NO FINANCIEROS;0;10.873
2026;Mayo;PESOS;07;MINISTERIO DE ECONOMÍA, FOMENTO Y TURISMO;11;VENTA DE ACTIVOS FINANCIEROS;946;309.013.700
2026;Mayo;PESOS;07;MINISTERIO DE ECONOMÍA, FOMENTO Y TURISMO;12;RECUPERACIÓN DE PRÉSTAMOS;6.393.562;25.849.108
2026;Mayo;PESOS;07;MINISTERIO DE ECONOMÍA, FOMENTO Y TURISMO;21;GASTOS EN PERSONAL;15.394.533;87.322.816
2026;Mayo;PESOS;07;MINISTERIO DE ECONOMÍA, FOMENTO Y TURISMO;22;BIENES Y SERVICIOS DE CONSUMO;3.335.199;16.942.626
2026;Mayo;PESOS;07;MINISTERIO DE ECONOMÍA, FOMENTO Y TURISMO;23;PRESTACIONES DE SEGURIDAD SOCIAL;1.129.747;1.949.633
2026;Mayo;PESOS;07;MINISTERIO DE ECONOMÍA, FOMENTO Y TURISMO;24;TRANSFERENCIAS CORRIENTES;18.443.390;54.443.140
2026;Mayo;PESOS;07;MINISTERIO DE ECONOMÍA, FOMENTO Y TURISMO;25;INTEGROS AL FISCO;440.856;6.588.411
2026;Mayo;PESOS;07;MINISTERIO DE ECONOMÍA, FOMENTO Y TURISMO;26;OTROS GASTOS CORRIENTES;18.287;167.796
2026;Mayo;PESOS;07;MINISTERIO DE ECONOMÍA, FOMENTO Y TURISMO;29;ADQUISICIÓN DE ACTIVOS NO FINANCIEROS;74.811;1.406.515
2026;Mayo;PESOS;07;MINISTERIO DE ECONOMÍA, FOMENTO Y TURISMO;30;ADQUISICIÓN DE ACTIVOS FINANCIEROS;26.342.359;77.523.541
2026;Mayo;PESOS;07;MINISTERIO DE ECONOMÍA, FOMENTO Y TURISMO;32;PRÉSTAMOS;618.322;36.113.962
2026;Mayo;PESOS;07;MINISTERIO DE ECONOMÍA, FOMENTO Y TURISMO;33;TRANSFERENCIAS DE CAPITAL;22.486;249.619
2026;Mayo;PESOS;07;MINISTERIO DE ECONOMÍA, FOMENTO Y TURISMO;34;SERVICIO DE LA DEUDA;2.729.568;19.505.680
2026;Mayo;PESOS;08;MINISTERIO DE HACIENDA;05;TRANSFERENCIAS CORRIENTES;184.151;1.360.125
2026;Mayo;PESOS;08;MINISTERIO DE HACIENDA;06;RENTAS DE LA PROPIEDAD;66.991;331.552
2026;Mayo;PESOS;08;MINISTERIO DE HACIENDA;07;INGRESOS DE OPERACIÓN;457.848;2.514.060
2026;Mayo;PESOS;08;MINISTERIO DE HACIENDA;08;OTROS INGRESOS CORRIENTES;1.710.490;64.219.122
2026;Mayo;PESOS;08;MINISTERIO DE HACIENDA;09;APORTE FISCAL;48.243.173;277.106.948
2026;Mayo;PESOS;08;MINISTERIO DE HACIENDA;10;VENTA DE ACTIVOS NO FINANCIEROS;19.136;22.561
2026;Mayo;PESOS;08;MINISTERIO DE HACIENDA;12;RECUPERACIÓN DE PRÉSTAMOS;1.611;10.485.070
2026;Mayo;PESOS;08;MINISTERIO DE HACIENDA;21;GASTOS EN PERSONAL;42.386.395;237.879.037
2026;Mayo;PESOS;08;MINISTERIO DE HACIENDA;22;BIENES Y SERVICIOS DE CONSUMO;7.947.771;41.387.344
2026;Mayo;PESOS;08;MINISTERIO DE HACIENDA;23;PRESTACIONES DE SEGURIDAD SOCIAL;256.920;2.788.889
2026;Mayo;PESOS;08;MINISTERIO DE HACIENDA;24;TRANSFERENCIAS CORRIENTES;1.236.344;5.412.592
2026;Mayo;PESOS;08;MINISTERIO DE HACIENDA;25;INTEGROS AL FISCO;1.053.291;24.217.852
2026;Mayo;PESOS;08;MINISTERIO DE HACIENDA;26;OTROS GASTOS CORRIENTES;6.495;15.882
2026;Mayo;PESOS;08;MINISTERIO DE HACIENDA;29;ADQUISICIÓN DE ACTIVOS NO FINANCIEROS;1.583.578;8.900.827
2026;Mayo;PESOS;08;MINISTERIO DE HACIENDA;34;SERVICIO DE LA DEUDA;0;21.355.020
2026;Mayo;PESOS;09;MINISTERIO DE EDUCACIÓN;05;TRANSFERENCIAS CORRIENTES;12.033.017;36.537.004
2026;Mayo;PESOS;09;MINISTERIO DE EDUCACIÓN;06;RENTAS DE LA PROPIEDAD;1.193;3.958
2026;Mayo;PESOS;09;MINISTERIO DE EDUCACIÓN;07;INGRESOS DE OPERACIÓN;44.016;383.059
2026;Mayo;PESOS;09;MINISTERIO DE EDUCACIÓN;08;OTROS INGRESOS CORRIENTES;7.483.911;32.014.125
2026;Mayo;PESOS;09;MINISTERIO DE EDUCACIÓN;09;APORTE FISCAL;1.421.627.771;7.403.691.309
2026;Mayo;PESOS;09;MINISTERIO DE EDUCACIÓN;10;VENTA DE ACTIVOS NO FINANCIEROS;0;6.542
2026;Mayo;PESOS;09;MINISTERIO DE EDUCACIÓN;12;RECUPERACIÓN DE PRÉSTAMOS;-7.837.384;282.155.103
2026;Mayo;PESOS;09;MINISTERIO DE EDUCACIÓN;21;GASTOS EN PERSONAL;243.017.788;1.260.309.638
2026;Mayo;PESOS;09;MINISTERIO DE EDUCACIÓN;22;BIENES Y SERVICIOS DE CONSUMO;28.207.871;106.995.592
2026;Mayo;PESOS;09;MINISTERIO DE EDUCACIÓN;23;PRESTACIONES DE SEGURIDAD SOCIAL;875.427;34.700.686
2026;Mayo;PESOS;09;MINISTERIO DE EDUCACIÓN;24;TRANSFERENCIAS CORRIENTES;990.911.568;5.181.041.772
2026;Mayo;PESOS;09;MINISTERIO DE EDUCACIÓN;25;INTEGROS AL FISCO;1.570.682;16.359.207
2026;Mayo;PESOS;09;MINISTERIO DE EDUCACIÓN;26;OTROS GASTOS CORRIENTES;181.333;927.589
2026;Mayo;PESOS;09;MINISTERIO DE EDUCACIÓN;29;ADQUISICIÓN DE ACTIVOS NO FINANCIEROS;2.643.396;7.051.931
2026;Mayo;PESOS;09;MINISTERIO DE EDUCACIÓN;30;ADQUISICIÓN DE ACTIVOS FINANCIEROS;51.035.944;53.486.097
2026;Mayo;PESOS;09;MINISTERIO DE EDUCACIÓN;31;INICIATIVAS DE INVERSIÓN;5.339.022;18.557.375
2026;Mayo;PESOS;09;MINISTERIO DE EDUCACIÓN;33;TRANSFERENCIAS DE CAPITAL;6.958.342;33.634.875
2026;Mayo;PESOS;09;MINISTERIO DE EDUCACIÓN;34;SERVICIO DE LA DEUDA;111.776.291;924.177.903
2026;Mayo;PESOS;10;MINISTERIO DE JUSTICIA Y DERECHOS HUMANOS;05;TRANSFERENCIAS CORRIENTES;7.952.721;14.661.227
2026;Mayo;PESOS;10;MINISTERIO DE JUSTICIA Y DERECHOS HUMANOS;06;RENTAS DE LA PROPIEDAD;3.538;13.836
2026;Mayo;PESOS;10;MINISTERIO DE JUSTICIA Y DERECHOS HUMANOS;07;INGRESOS DE OPERACIÓN;17.720.110;88.959.633
2026;Mayo;PESOS;10;MINISTERIO DE JUSTICIA Y DERECHOS HUMANOS;08;OTROS INGRESOS CORRIENTES;1.290.051;3.784.709
2026;Mayo;PESOS;10;MINISTERIO DE JUSTICIA Y DERECHOS HUMANOS;09;APORTE FISCAL;85.988.512;578.075.957
2026;Mayo;PESOS;10;MINISTERIO DE JUSTICIA Y DERECHOS HUMANOS;12;RECUPERACIÓN DE PRÉSTAMOS;-45.024;139.615.625
2026;Mayo;PESOS;10;MINISTERIO DE JUSTICIA Y DERECHOS HUMANOS;21;GASTOS EN PERSONAL;55.023.206;322.608.363
2026;Mayo;PESOS;10;MINISTERIO DE JUSTICIA Y DERECHOS HUMANOS;22;BIENES Y SERVICIOS DE CONSUMO;31.265.844;237.478.845
2026;Mayo;PESOS;10;MINISTERIO DE JUSTICIA Y DERECHOS HUMANOS;23;PRESTACIONES DE SEGURIDAD SOCIAL;5.214.927;10.578.997
2026;Mayo;PESOS;10;MINISTERIO DE JUSTICIA Y DERECHOS HUMANOS;24;TRANSFERENCIAS CORRIENTES;17.043.834;81.099.313
2026;Mayo;PESOS;10;MINISTERIO DE JUSTICIA Y DERECHOS HUMANOS;25;INTEGROS AL FISCO;702.923;3.636.301
2026;Mayo;PESOS;10;MINISTERIO DE JUSTICIA Y DERECHOS HUMANOS;29;ADQUISICIÓN DE ACTIVOS NO FINANCIEROS;1.059.960;1.384.297
2026;Mayo;PESOS;10;MINISTERIO DE JUSTICIA Y DERECHOS HUMANOS;31;INICIATIVAS DE INVERSIÓN;65.455;624.708
2026;Mayo;PESOS;10;MINISTERIO DE JUSTICIA Y DERECHOS HUMANOS;34;SERVICIO DE LA DEUDA;-4.420;63.219.901
2026;Mayo;PESOS;11;MINISTERIO DE DEFENSA NACIONAL;05;TRANSFERENCIAS CORRIENTES;168.172;4.652.474
2026;Mayo;PESOS;11;MINISTERIO DE DEFENSA NACIONAL;06;RENTAS DE LA PROPIEDAD;1.886.870;8.862.646
2026;Mayo;PESOS;11;MINISTERIO DE DEFENSA NACIONAL;07;INGRESOS DE OPERACIÓN;58.611.518;335.006.335
2026;Mayo;PESOS;11;MINISTERIO DE DEFENSA NACIONAL;08;OTROS INGRESOS CORRIENTES;8.434.615;38.069.050
2026;Mayo;PESOS;11;MINISTERIO DE DEFENSA NACIONAL;09;APORTE FISCAL;132.342.838;676.077.003
2026;Mayo;PESOS;11;MINISTERIO DE DEFENSA NACIONAL;10;VENTA DE ACTIVOS NO FINANCIEROS;1.550;6.371
2026;Mayo;PESOS;11;MINISTERIO DE DEFENSA NACIONAL;11;VENTA DE ACTIVOS FINANCIEROS;0;-6.452.181
2026;Mayo;PESOS;11;MINISTERIO DE DEFENSA NACIONAL;12;RECUPERACIÓN DE PRÉSTAMOS;-422.736;87.498.423
2026;Mayo;PESOS;11;MINISTERIO DE DEFENSA NACIONAL;21;GASTOS EN PERSONAL;145.210.479;735.908.812
2026;Mayo;PESOS;11;MINISTERIO DE DEFENSA NACIONAL;22;BIENES Y SERVICIOS DE CONSUMO;26.928.263;121.261.493
2026;Mayo;PESOS;11;MINISTERIO DE DEFENSA NACIONAL;23;PRESTACIONES DE SEGURIDAD SOCIAL;184.595;1.780.328
2026;Mayo;PESOS;11;MINISTERIO DE DEFENSA NACIONAL;24;TRANSFERENCIAS CORRIENTES;3.030.098;12.178.386
2026;Mayo;PESOS;11;MINISTERIO DE DEFENSA NACIONAL;25;INTEGROS AL FISCO;211.196;1.570.459
2026;Mayo;PESOS;11;MINISTERIO DE DEFENSA NACIONAL;26;OTROS GASTOS CORRIENTES;14.616;44.943
2026;Mayo;PESOS;11;MINISTERIO DE DEFENSA NACIONAL;29;ADQUISICIÓN DE ACTIVOS NO FINANCIEROS;543.466;5.761.154
2026;Mayo;PESOS;11;MINISTERIO DE DEFENSA NACIONAL;31;INICIATIVAS DE INVERSIÓN;6.221;739.166
2026;Mayo;PESOS;11;MINISTERIO DE DEFENSA NACIONAL;32;PRÉSTAMOS;119.540;1.907.281
2026;Mayo;PESOS;11;MINISTERIO DE DEFENSA NACIONAL;33;TRANSFERENCIAS DE CAPITAL;2.406.645;16.261.913
2026;Mayo;PESOS;11;MINISTERIO DE DEFENSA NACIONAL;34;SERVICIO DE LA DEUDA;0;34.416.449
2026;Mayo;PESOS;12;MINISTERIO DE OBRAS PÚBLICAS;05;TRANSFERENCIAS CORRIENTES;254.509;1.534.939
2026;Mayo;PESOS;12;MINISTERIO DE OBRAS PÚBLICAS;06;RENTAS DE LA PROPIEDAD;22.925;115.645
2026;Mayo;PESOS;12;MINISTERIO DE OBRAS PÚBLICAS;07;INGRESOS DE OPERACIÓN;696.769;36.667.623
2026;Mayo;PESOS;12;MINISTERIO DE OBRAS PÚBLICAS;08;OTROS INGRESOS CORRIENTES;12.116.593;64.530.773
2026;Mayo;PESOS;12;MINISTERIO DE OBRAS PÚBLICAS;09;APORTE FISCAL;229.915.427;1.313.965.652
2026;Mayo;PESOS;12;MINISTERIO DE OBRAS PÚBLICAS;12;RECUPERACIÓN DE PRÉSTAMOS;4.156.802;48.712.785
2026;Mayo;PESOS;12;MINISTERIO DE OBRAS PÚBLICAS;13;TRANSFERENCIAS PARA GASTOS DE CAPITAL;102.450.280;299.268.791
2026;Mayo;PESOS;12;MINISTERIO DE OBRAS PÚBLICAS;21;GASTOS EN PERSONAL;23.175.580;132.074.062
2026;Mayo;PESOS;12;MINISTERIO DE OBRAS PÚBLICAS;22;BIENES Y SERVICIOS DE CONSUMO;7.074.579;32.267.574
2026;Mayo;PESOS;12;MINISTERIO DE OBRAS PÚBLICAS;23;PRESTACIONES DE SEGURIDAD SOCIAL;347.746;3.126.147
2026;Mayo;PESOS;12;MINISTERIO DE OBRAS PÚBLICAS;24;TRANSFERENCIAS CORRIENTES;173.860;386.542
2026;Mayo;PESOS;12;MINISTERIO DE OBRAS PÚBLICAS;25;INTEGROS AL FISCO;683.673;3.484.327
2026;Mayo;PESOS;12;MINISTERIO DE OBRAS PÚBLICAS;26;OTROS GASTOS CORRIENTES;-72.160;1.312.725
2026;Mayo;PESOS;12;MINISTERIO DE OBRAS PÚBLICAS;29;ADQUISICIÓN DE ACTIVOS NO FINANCIEROS;1.283.920;2.402.350
2026;Mayo;PESOS;12;MINISTERIO DE OBRAS PÚBLICAS;31;INICIATIVAS DE INVERSIÓN;211.725.678;1.000.896.008
2026;Mayo;PESOS;12;MINISTERIO DE OBRAS PÚBLICAS;33;TRANSFERENCIAS DE CAPITAL;20.158.510;162.580.016
2026;Mayo;PESOS;12;MINISTERIO DE OBRAS PÚBLICAS;34;SERVICIO DE LA DEUDA;0;449.947.633
2026;Mayo;PESOS;13;MINISTERIO DE AGRICULTURA;05;TRANSFERENCIAS CORRIENTES;176.571;6.933.773
2026;Mayo;PESOS;13;MINISTERIO DE AGRICULTURA;06;RENTAS DE LA PROPIEDAD;409.792;1.971.002
2026;Mayo;PESOS;13;MINISTERIO DE AGRICULTURA;07;INGRESOS DE OPERACIÓN;7.126.791;36.973.454
2026;Mayo;PESOS;13;MINISTERIO DE AGRICULTURA;08;OTROS INGRESOS CORRIENTES;210.961;2.616.220
2026;Mayo;PESOS;13;MINISTERIO DE AGRICULTURA;09;APORTE FISCAL;81.393.100;329.121.175
2026;Mayo;PESOS;13;MINISTERIO DE AGRICULTURA;10;VENTA DE ACTIVOS NO FINANCIEROS;15.249;24.656
2026;Mayo;PESOS;13;MINISTERIO DE AGRICULTURA;12;RECUPERACIÓN DE PRÉSTAMOS;14.222.491;97.635.176
2026;Mayo;PESOS;13;MINISTERIO DE AGRICULTURA;13;TRANSFERENCIAS PARA GASTOS DE CAPITAL;0;4.793.813
2026;Mayo;PESOS;13;MINISTERIO DE AGRICULTURA;14;ENDEUDAMIENTO;0;787.760
2026;Mayo;PESOS;13;MINISTERIO DE AGRICULTURA;21;GASTOS EN PERSONAL;30.745.656;139.323.689
2026;Mayo;PESOS;13;MINISTERIO DE AGRICULTURA;22;BIENES Y SERVICIOS DE CONSUMO;8.840.412;79.625.333
2026;Mayo;PESOS;13;MINISTERIO DE AGRICULTURA;23;PRESTACIONES DE SEGURIDAD SOCIAL;335.094;1.713.386
2026;Mayo;PESOS;13;MINISTERIO DE AGRICULTURA;24;TRANSFERENCIAS CORRIENTES;23.064.071;73.147.769
2026;Mayo;PESOS;13;MINISTERIO DE AGRICULTURA;25;INTEGROS AL FISCO;28.764;103.387
2026;Mayo;PESOS;13;MINISTERIO DE AGRICULTURA;26;OTROS GASTOS CORRIENTES;43.000;1.190.676
2026;Mayo;PESOS;13;MINISTERIO DE AGRICULTURA;29;ADQUISICIÓN DE ACTIVOS NO FINANCIEROS;127.182;1.303.388
2026;Mayo;PESOS;13;MINISTERIO DE AGRICULTURA;31;INICIATIVAS DE INVERSIÓN;40.000;419.739
2026;Mayo;PESOS;13;MINISTERIO DE AGRICULTURA;32;PRÉSTAMOS;13.970.190;51.873.780
2026;Mayo;PESOS;13;MINISTERIO DE AGRICULTURA;33;TRANSFERENCIAS DE CAPITAL;22.742.678;85.160.145
2026;Mayo;PESOS;13;MINISTERIO DE AGRICULTURA;34;SERVICIO DE LA DEUDA;-147;44.590.799
2026;Mayo;PESOS;14;MINISTERIO DE BIENES NACIONALES;05;TRANSFERENCIAS CORRIENTES;0;9.091
2026;Mayo;PESOS;14;MINISTERIO DE BIENES NACIONALES;06;RENTAS DE LA PROPIEDAD;6.784.006;44.103.284
2026;Mayo;PESOS;14;MINISTERIO DE BIENES NACIONALES;08;OTROS INGRESOS CORRIENTES;146.538;412.427
2026;Mayo;PESOS;14;MINISTERIO DE BIENES NACIONALES;10;VENTA DE ACTIVOS NO FINANCIEROS;234.204;1.000.577
2026;Mayo;PESOS;14;MINISTERIO DE BIENES NACIONALES;12;RECUPERACIÓN DE PRÉSTAMOS;-2.134;7.409.936
2026;Mayo;PESOS;14;MINISTERIO DE BIENES NACIONALES;21;GASTOS EN PERSONAL;1.740.685;10.137.776
2026;Mayo;PESOS;14;MINISTERIO DE BIENES NACIONALES;22;BIENES Y SERVICIOS DE CONSUMO;446.669;2.034.931
2026;Mayo;PESOS;14;MINISTERIO DE BIENES NACIONALES;23;PRESTACIONES DE SEGURIDAD SOCIAL;0;8.808
2026;Mayo;PESOS;14;MINISTERIO DE BIENES NACIONALES;24;TRANSFERENCIAS CORRIENTES;11.911;98.442
2026;Mayo;PESOS;14;MINISTERIO DE BIENES NACIONALES;25;INTEGROS AL FISCO;9.441.493;22.542.963
2026;Mayo;PESOS;14;MINISTERIO DE BIENES NACIONALES;26;OTROS GASTOS CORRIENTES;45;170.322
2026;Mayo;PESOS;14;MINISTERIO DE BIENES NACIONALES;29;ADQUISICIÓN DE ACTIVOS NO FINANCIEROS;14.590;46.223
2026;Mayo;PESOS;14;MINISTERIO DE BIENES NACIONALES;34;SERVICIO DE LA DEUDA;0;1.071.332
2026;Mayo;PESOS;15;MINISTERIO DEL TRABAJO Y PREVISIÓN SOCIAL;04;IMPOSICIONES PREVISIONALES;53.368.774;269.541.329
2026;Mayo;PESOS;15;MINISTERIO DEL TRABAJO Y PREVISIÓN SOCIAL;05;TRANSFERENCIAS CORRIENTES;259.192.716;277.581.031
2026;Mayo;PESOS;15;MINISTERIO DEL TRABAJO Y PREVISIÓN SOCIAL;06;RENTAS DE LA PROPIEDAD;1.093.081;7.624.881
2026;Mayo;PESOS;15;MINISTERIO DEL TRABAJO Y PREVISIÓN SOCIAL;07;INGRESOS DE OPERACIÓN;662.071;3.810.197
2026;Mayo;PESOS;15;MINISTERIO DEL TRABAJO Y PREVISIÓN SOCIAL;08;OTROS INGRESOS CORRIENTES;6.643.404;37.213.977
2026;Mayo;PESOS;15;MINISTERIO DEL TRABAJO Y PREVISIÓN SOCIAL;09;APORTE FISCAL;1.138.031.107;6.310.003.207
2026;Mayo;PESOS;15;MINISTERIO DEL TRABAJO Y PREVISIÓN SOCIAL;10;VENTA DE ACTIVOS NO FINANCIEROS;19.129;55.879
2026;Mayo;PESOS;15;MINISTERIO DEL TRABAJO Y PREVISIÓN SOCIAL;11;VENTA DE ACTIVOS FINANCIEROS;0;201.635.861
2026;Mayo;PESOS;15;MINISTERIO DEL TRABAJO Y PREVISIÓN SOCIAL;12;RECUPERACIÓN DE PRÉSTAMOS;15.044.337;100.731.938
2026;Mayo;PESOS;15;MINISTERIO DEL TRABAJO Y PREVISIÓN SOCIAL;21;GASTOS EN PERSONAL;20.490.088;122.124.120
2026;Mayo;PESOS;15;MINISTERIO DEL TRABAJO Y PREVISIÓN SOCIAL;22;BIENES Y SERVICIOS DE CONSUMO;14.462.070;68.626.464
2026;Mayo;PESOS;15;MINISTERIO DEL TRABAJO Y PREVISIÓN SOCIAL;23;PRESTACIONES DE SEGURIDAD SOCIAL;1.285.423.172;6.129.459.698
2026;Mayo;PESOS;15;MINISTERIO DEL TRABAJO Y PREVISIÓN SOCIAL;24;TRANSFERENCIAS CORRIENTES;113.184.744;524.905.401
2026;Mayo;PESOS;15;MINISTERIO DEL TRABAJO Y PREVISIÓN SOCIAL;25;INTEGROS AL FISCO;538.459;2.173.921
2026;Mayo;PESOS;15;MINISTERIO DEL TRABAJO Y PREVISIÓN SOCIAL;26;OTROS GASTOS CORRIENTES;162.809;390.250
2026;Mayo;PESOS;15;MINISTERIO DEL TRABAJO Y PREVISIÓN SOCIAL;29;ADQUISICIÓN DE ACTIVOS NO FINANCIEROS;336.481;2.679.704
2026;Mayo;PESOS;15;MINISTERIO DEL TRABAJO Y PREVISIÓN SOCIAL;30;ADQUISICIÓN DE ACTIVOS FINANCIEROS;3.886.192;3.886.192
2026;Mayo;PESOS;15;MINISTERIO DEL TRABAJO Y PREVISIÓN SOCIAL;32;PRÉSTAMOS;11.514.043;70.240.926
2026;Mayo;PESOS;15;MINISTERIO DEL TRABAJO Y PREVISIÓN SOCIAL;34;SERVICIO DE LA DEUDA;1.867;32.507.665
2026;Mayo;PESOS;16;MINISTERIO DE SALUD;04;IMPOSICIONES PREVISIONALES;337.811.610;1.847.246.964
2026;Mayo;PESOS;16;MINISTERIO DE SALUD;05;TRANSFERENCIAS CORRIENTES;30.093.178;216.059.830
2026;Mayo;PESOS;16;MINISTERIO DE SALUD;06;RENTAS DE LA PROPIEDAD;315.955;1.644.090
2026;Mayo;PESOS;16;MINISTERIO DE SALUD;07;INGRESOS DE OPERACIÓN;16.958.146;104.801.108
2026;Mayo;PESOS;16;MINISTERIO DE SALUD;08;OTROS INGRESOS CORRIENTES;14.096.760;83.003.065
2026;Mayo;PESOS;16;MINISTERIO DE SALUD;09;APORTE FISCAL;1.203.770.771;5.897.981.920
2026;Mayo;PESOS;16;MINISTERIO DE SALUD;12;RECUPERACIÓN DE PRÉSTAMOS;134.518.103;1.468.655.746
2026;Mayo;PESOS;16;MINISTERIO DE SALUD;13;TRANSFERENCIAS PARA GASTOS DE CAPITAL;15.000.000;25.730.098
2026;Mayo;PESOS;16;MINISTERIO DE SALUD;21;GASTOS EN PERSONAL;495.102.473;2.776.423.688
2026;Mayo;PESOS;16;MINISTERIO DE SALUD;22;BIENES Y SERVICIOS DE CONSUMO;357.192.945;2.123.277.472
2026;Mayo;PESOS;16;MINISTERIO DE SALUD;23;PRESTACIONES DE SEGURIDAD SOCIAL;132.831.690;690.611.581
2026;Mayo;PESOS;16;MINISTERIO DE SALUD;24;TRANSFERENCIAS CORRIENTES;370.880.713;2.082.554.842
2026;Mayo;PESOS;16;MINISTERIO DE SALUD;25;INTEGROS AL FISCO;16.231.524;65.081.018
2026;Mayo;PESOS;16;MINISTERIO DE SALUD;26;OTROS GASTOS CORRIENTES;8.538.272;46.869.040
2026;Mayo;PESOS;16;MINISTERIO DE SALUD;29;ADQUISICIÓN DE ACTIVOS NO FINANCIEROS;1.100.974;4.964.335
2026;Mayo;PESOS;16;MINISTERIO DE SALUD;31;INICIATIVAS DE INVERSIÓN;25.733.972;120.291.873
2026;Mayo;PESOS;16;MINISTERIO DE SALUD;32;PRÉSTAMOS;4.495.989;24.687.448
2026;Mayo;PESOS;16;MINISTERIO DE SALUD;33;TRANSFERENCIAS DE CAPITAL;755.606;94.763.141
2026;Mayo;PESOS;16;MINISTERIO DE SALUD;34;SERVICIO DE LA DEUDA;2.364.882;594.741.427
2026;Mayo;PESOS;17;MINISTERIO DE MINERÍA;05;TRANSFERENCIAS CORRIENTES;38.604;121.989
2026;Mayo;PESOS;17;MINISTERIO DE MINERÍA;07;INGRESOS DE OPERACIÓN;368.389;1.319.053
2026;Mayo;PESOS;17;MINISTERIO DE MINERÍA;08;OTROS INGRESOS CORRIENTES;90.647;302.179
2026;Mayo;PESOS;17;MINISTERIO DE MINERÍA;09;APORTE FISCAL;3.617.258;20.284.714
2026;Mayo;PESOS;17;MINISTERIO DE MINERÍA;12;RECUPERACIÓN DE PRÉSTAMOS;0;508.253
2026;Mayo;PESOS;17;MINISTERIO DE MINERÍA;21;GASTOS EN PERSONAL;2.519.720;14.978.214
2026;Mayo;PESOS;17;MINISTERIO DE MINERÍA;22;BIENES Y SERVICIOS DE CONSUMO;527.555;2.816.080
2026;Mayo;PESOS;17;MINISTERIO DE MINERÍA;24;TRANSFERENCIAS CORRIENTES;9.344;227.703
2026;Mayo;PESOS;17;MINISTERIO DE MINERÍA;25;INTEGROS AL FISCO;64.538;247.329
2026;Mayo;PESOS;17;MINISTERIO DE MINERÍA;29;ADQUISICIÓN DE ACTIVOS NO FINANCIEROS;61.468;339.936
2026;Mayo;PESOS;17;MINISTERIO DE MINERÍA;34;SERVICIO DE LA DEUDA;0;3.518.648
2026;Mayo;PESOS;18;MINISTERIO DE VIVIENDA Y URBANISMO;05;TRANSFERENCIAS CORRIENTES;435.162;1.559.038
2026;Mayo;PESOS;18;MINISTERIO DE VIVIENDA Y URBANISMO;06;RENTAS DE LA PROPIEDAD;36.099;208.425
2026;Mayo;PESOS;18;MINISTERIO DE VIVIENDA Y URBANISMO;07;INGRESOS DE OPERACIÓN;234.441;1.323.827
2026;Mayo;PESOS;18;MINISTERIO DE VIVIENDA Y URBANISMO;08;OTROS INGRESOS CORRIENTES;2.849.028;11.556.019
2026;Mayo;PESOS;18;MINISTERIO DE VIVIENDA Y URBANISMO;09;APORTE FISCAL;343.083.396;2.042.120.219
2026;Mayo;PESOS;18;MINISTERIO DE VIVIENDA Y URBANISMO;12;RECUPERACIÓN DE PRÉSTAMOS;145.361.744;562.069.208
2026;Mayo;PESOS;18;MINISTERIO DE VIVIENDA Y URBANISMO;13;TRANSFERENCIAS PARA GASTOS DE CAPITAL;1.656;522.746
2026;Mayo;PESOS;18;MINISTERIO DE VIVIENDA Y URBANISMO;21;GASTOS EN PERSONAL;14.424.810;85.448.300
2026;Mayo;PESOS;18;MINISTERIO DE VIVIENDA Y URBANISMO;22;BIENES Y SERVICIOS DE CONSUMO;1.925.747;9.165.403
2026;Mayo;PESOS;18;MINISTERIO DE VIVIENDA Y URBANISMO;23;PRESTACIONES DE SEGURIDAD SOCIAL;0;77.438
2026;Mayo;PESOS;18;MINISTERIO DE VIVIENDA Y URBANISMO;24;TRANSFERENCIAS CORRIENTES;135.994;1.319.695
2026;Mayo;PESOS;18;MINISTERIO DE VIVIENDA Y URBANISMO;25;INTEGROS AL FISCO;391.581;3.078.461
2026;Mayo;PESOS;18;MINISTERIO DE VIVIENDA Y URBANISMO;26;OTROS GASTOS CORRIENTES;16.738;1.393.649
2026;Mayo;PESOS;18;MINISTERIO DE VIVIENDA Y URBANISMO;29;ADQUISICIÓN DE ACTIVOS NO FINANCIEROS;36.212;1.910.136
2026;Mayo;PESOS;18;MINISTERIO DE VIVIENDA Y URBANISMO;31;INICIATIVAS DE INVERSIÓN;20.752.350;104.959.625
2026;Mayo;PESOS;18;MINISTERIO DE VIVIENDA Y URBANISMO;32;PRÉSTAMOS;119.425.238;776.623.050
2026;Mayo;PESOS;18;MINISTERIO DE VIVIENDA Y URBANISMO;33;TRANSFERENCIAS DE CAPITAL;340.193.151;1.385.491.588
2026;Mayo;PESOS;18;MINISTERIO DE VIVIENDA Y URBANISMO;34;SERVICIO DE LA DEUDA;-663.984;224.512.087
2026;Mayo;PESOS;19;MINISTERIO DE TRANSPORTES Y TELECOMUNICACIONES;05;TRANSFERENCIAS CORRIENTES;4.366;10.153.708
2026;Mayo;PESOS;19;MINISTERIO DE TRANSPORTES Y TELECOMUNICACIONES;07;INGRESOS DE OPERACIÓN;84.432;384.511
2026;Mayo;PESOS;19;MINISTERIO DE TRANSPORTES Y TELECOMUNICACIONES;08;OTROS INGRESOS CORRIENTES;202.687;1.555.337
2026;Mayo;PESOS;19;MINISTERIO DE TRANSPORTES Y TELECOMUNICACIONES;09;APORTE FISCAL;180.575.577;774.396.356
2026;Mayo;PESOS;19;MINISTERIO DE TRANSPORTES Y TELECOMUNICACIONES;12;RECUPERACIÓN DE PRÉSTAMOS;0;299.557
2026;Mayo;PESOS;19;MINISTERIO DE TRANSPORTES Y TELECOMUNICACIONES;21;GASTOS EN PERSONAL;4.646.570;26.307.725
2026;Mayo;PESOS;19;MINISTERIO DE TRANSPORTES Y TELECOMUNICACIONES;22;BIENES Y SERVICIOS DE CONSUMO;1.355.184;5.464.911
2026;Mayo;PESOS;19;MINISTERIO DE TRANSPORTES Y TELECOMUNICACIONES;23;PRESTACIONES DE SEGURIDAD SOCIAL;0;185.419
2026;Mayo;PESOS;19;MINISTERIO DE TRANSPORTES Y TELECOMUNICACIONES;24;TRANSFERENCIAS CORRIENTES;145.911.301;616.638.099
2026;Mayo;PESOS;19;MINISTERIO DE TRANSPORTES Y TELECOMUNICACIONES;25;INTEGROS AL FISCO;11.910;616.081
2026;Mayo;PESOS;19;MINISTERIO DE TRANSPORTES Y TELECOMUNICACIONES;29;ADQUISICIÓN DE ACTIVOS NO FINANCIEROS;58.886;596.385
2026;Mayo;PESOS;19;MINISTERIO DE TRANSPORTES Y TELECOMUNICACIONES;31;INICIATIVAS DE INVERSIÓN;4.623.196;15.056.784
2026;Mayo;PESOS;19;MINISTERIO DE TRANSPORTES Y TELECOMUNICACIONES;33;TRANSFERENCIAS DE CAPITAL;0;2.903.631
2026;Mayo;PESOS;19;MINISTERIO DE TRANSPORTES Y TELECOMUNICACIONES;34;SERVICIO DE LA DEUDA;0;87.213.242
2026;Mayo;PESOS;20;MINISTERIO SECRETARÍA GENERAL DE GOBIERNO;05;TRANSFERENCIAS CORRIENTES;763.371;1.262.961
2026;Mayo;PESOS;20;MINISTERIO SECRETARÍA GENERAL DE GOBIERNO;08;OTROS INGRESOS CORRIENTES;34.631;229.685
2026;Mayo;PESOS;20;MINISTERIO SECRETARÍA GENERAL DE GOBIERNO;09;APORTE FISCAL;1.464.204;11.023.115
2026;Mayo;PESOS;20;MINISTERIO SECRETARÍA GENERAL DE GOBIERNO;12;RECUPERACIÓN DE PRÉSTAMOS;2.189;626.836
2026;Mayo;PESOS;20;MINISTERIO SECRETARÍA GENERAL DE GOBIERNO;21;GASTOS EN PERSONAL;1.490.033;8.567.165
2026;Mayo;PESOS;20;MINISTERIO SECRETARÍA GENERAL DE GOBIERNO;22;BIENES Y SERVICIOS DE CONSUMO;244.029;1.045.054
2026;Mayo;PESOS;20;MINISTERIO SECRETARÍA GENERAL DE GOBIERNO;24;TRANSFERENCIAS CORRIENTES;482.271;2.185.144
2026;Mayo;PESOS;20;MINISTERIO SECRETARÍA GENERAL DE GOBIERNO;25;INTEGROS AL FISCO;0;50.041
2026;Mayo;PESOS;20;MINISTERIO SECRETARÍA GENERAL DE GOBIERNO;29;ADQUISICIÓN DE ACTIVOS NO FINANCIEROS;0;169.916
2026;Mayo;PESOS;20;MINISTERIO SECRETARÍA GENERAL DE GOBIERNO;34;SERVICIO DE LA DEUDA;0;1.058.994
2026;Mayo;PESOS;21;MINISTERIO DE DESARROLLO SOCIAL Y FAMILIA;05;TRANSFERENCIAS CORRIENTES;81.642;281.985
2026;Mayo;PESOS;21;MINISTERIO DE DESARROLLO SOCIAL Y FAMILIA;08;OTROS INGRESOS CORRIENTES;-11.821.644;2.877.862
2026;Mayo;PESOS;21;MINISTERIO DE DESARROLLO SOCIAL Y FAMILIA;09;APORTE FISCAL;98.807.038;555.815.597
2026;Mayo;PESOS;21;MINISTERIO DE DESARROLLO SOCIAL Y FAMILIA;10;VENTA DE ACTIVOS NO FINANCIEROS;3.673;3.673
2026;Mayo;PESOS;21;MINISTERIO DE DESARROLLO SOCIAL Y FAMILIA;12;RECUPERACIÓN DE PRÉSTAMOS;-378;10.675.083
2026;Mayo;PESOS;21;MINISTERIO DE DESARROLLO SOCIAL Y FAMILIA;21;GASTOS EN PERSONAL;14.410.884;86.468.217
2026;Mayo;PESOS;21;MINISTERIO DE DESARROLLO SOCIAL Y FAMILIA;22;BIENES Y SERVICIOS DE CONSUMO;4.391.839;17.738.983
2026;Mayo;PESOS;21;MINISTERIO DE DESARROLLO SOCIAL Y FAMILIA;23;PRESTACIONES DE SEGURIDAD SOCIAL;0;644.588
2026;Mayo;PESOS;21;MINISTERIO DE DESARROLLO SOCIAL Y FAMILIA;24;TRANSFERENCIAS CORRIENTES;64.913.577;326.818.817
2026;Mayo;PESOS;21;MINISTERIO DE DESARROLLO SOCIAL Y FAMILIA;25;INTEGROS AL FISCO;156.022;912.748
2026;Mayo;PESOS;21;MINISTERIO DE DESARROLLO SOCIAL Y FAMILIA;26;OTROS GASTOS CORRIENTES;9.989;105.984
2026;Mayo;PESOS;21;MINISTERIO DE DESARROLLO SOCIAL Y FAMILIA;29;ADQUISICIÓN DE ACTIVOS NO FINANCIEROS;153.441;1.720.956
2026;Mayo;PESOS;21;MINISTERIO DE DESARROLLO SOCIAL Y FAMILIA;33;TRANSFERENCIAS DE CAPITAL;1.062.999;9.252.290
2026;Mayo;PESOS;21;MINISTERIO DE DESARROLLO SOCIAL Y FAMILIA;34;SERVICIO DE LA DEUDA;138.765;116.520.682
2026;Mayo;PESOS;22;MINISTERIO SECRETARÍA GENERAL DE LA PRESIDENCIA DE LA REPÚBLICA;05;TRANSFERENCIAS CORRIENTES;1.651;12.542
2026;Mayo;PESOS;22;MINISTERIO SECRETARÍA GENERAL DE LA PRESIDENCIA DE LA REPÚBLICA;08;OTROS INGRESOS CORRIENTES;1.589;19.369
2026;Mayo;PESOS;22;MINISTERIO SECRETARÍA GENERAL DE LA PRESIDENCIA DE LA REPÚBLICA;09;APORTE FISCAL;639.010;4.361.571
2026;Mayo;PESOS;22;MINISTERIO SECRETARÍA GENERAL DE LA PRESIDENCIA DE LA REPÚBLICA;12;RECUPERACIÓN DE PRÉSTAMOS;0;563.562
2026;Mayo;PESOS;22;MINISTERIO SECRETARÍA GENERAL DE LA PRESIDENCIA DE LA REPÚBLICA;21;GASTOS EN PERSONAL;687.708;3.629.915
2026;Mayo;PESOS;22;MINISTERIO SECRETARÍA GENERAL DE LA PRESIDENCIA DE LA REPÚBLICA;22;BIENES Y SERVICIOS DE CONSUMO;79.310;375.348
2026;Mayo;PESOS;22;MINISTERIO SECRETARÍA GENERAL DE LA PRESIDENCIA DE LA REPÚBLICA;23;PRESTACIONES DE SEGURIDAD SOCIAL;0;82.502
2026;Mayo;PESOS;22;MINISTERIO SECRETARÍA GENERAL DE LA PRESIDENCIA DE LA REPÚBLICA;25;INTEGROS AL FISCO;0;8.767
2026;Mayo;PESOS;22;MINISTERIO SECRETARÍA GENERAL DE LA PRESIDENCIA DE LA REPÚBLICA;34;SERVICIO DE LA DEUDA;0;146.571
2026;Mayo;PESOS;23;MINISTERIO PÚBLICO;05;TRANSFERENCIAS CORRIENTES;408.564;4.515.280
2026;Mayo;PESOS;23;MINISTERIO PÚBLICO;08;OTROS INGRESOS CORRIENTES;301.416;1.177.650
2026;Mayo;PESOS;23;MINISTERIO PÚBLICO;09;APORTE FISCAL;24.566.595;138.660.702
2026;Mayo;PESOS;23;MINISTERIO PÚBLICO;12;RECUPERACIÓN DE PRÉSTAMOS;0;1.939.927
2026;Mayo;PESOS;23;MINISTERIO PÚBLICO;21;GASTOS EN PERSONAL;18.006.958;115.085.819
2026;Mayo;PESOS;23;MINISTERIO PÚBLICO;22;BIENES Y SERVICIOS DE CONSUMO;3.848.454;18.980.204
2026;Mayo;PESOS;23;MINISTERIO PÚBLICO;23;PRESTACIONES DE SEGURIDAD SOCIAL;327.675;598.702
2026;Mayo;PESOS;23;MINISTERIO PÚBLICO;24;TRANSFERENCIAS CORRIENTES;1.730.405;5.825.675
2026;Mayo;PESOS;23;MINISTERIO PÚBLICO;25;INTEGROS AL FISCO;6;9.457
2026;Mayo;PESOS;23;MINISTERIO PÚBLICO;26;OTROS GASTOS CORRIENTES;5.325;5.552
2026;Mayo;PESOS;23;MINISTERIO PÚBLICO;29;ADQUISICIÓN DE ACTIVOS NO FINANCIEROS;29.628;178.653
2026;Mayo;PESOS;23;MINISTERIO PÚBLICO;31;INICIATIVAS DE INVERSIÓN;233.541;707.720
2026;Mayo;PESOS;23;MINISTERIO PÚBLICO;34;SERVICIO DE LA DEUDA;0;4.033.312
2026;Mayo;PESOS;24;MINISTERIO DE ENERGÍA;05;TRANSFERENCIAS CORRIENTES;25.003;119.454
2026;Mayo;PESOS;24;MINISTERIO DE ENERGÍA;07;INGRESOS DE OPERACIÓN;216.457;1.386.769
2026;Mayo;PESOS;24;MINISTERIO DE ENERGÍA;08;OTROS INGRESOS CORRIENTES;90.773;532.184
2026;Mayo;PESOS;24;MINISTERIO DE ENERGÍA;09;APORTE FISCAL;4.329.757;36.551.832
2026;Mayo;PESOS;24;MINISTERIO DE ENERGÍA;12;RECUPERACIÓN DE PRÉSTAMOS;-157;2.904.611
2026;Mayo;PESOS;24;MINISTERIO DE ENERGÍA;21;GASTOS EN PERSONAL;3.638.536;20.541.526
2026;Mayo;PESOS;24;MINISTERIO DE ENERGÍA;22;BIENES Y SERVICIOS DE CONSUMO;787.194;4.156.671
2026;Mayo;PESOS;24;MINISTERIO DE ENERGÍA;23;PRESTACIONES DE SEGURIDAD SOCIAL;0;295.769
2026;Mayo;PESOS;24;MINISTERIO DE ENERGÍA;24;TRANSFERENCIAS CORRIENTES;519.517;1.952.400
2026;Mayo;PESOS;24;MINISTERIO DE ENERGÍA;25;INTEGROS AL FISCO;190.493;383.475
2026;Mayo;PESOS;24;MINISTERIO DE ENERGÍA;26;OTROS GASTOS CORRIENTES;30.974;30.974
2026;Mayo;PESOS;24;MINISTERIO DE ENERGÍA;29;ADQUISICIÓN DE ACTIVOS NO FINANCIEROS;50.832;562.062
2026;Mayo;PESOS;24;MINISTERIO DE ENERGÍA;31;INICIATIVAS DE INVERSIÓN;0;6.085
2026;Mayo;PESOS;24;MINISTERIO DE ENERGÍA;33;TRANSFERENCIAS DE CAPITAL;0;90.393
2026;Mayo;PESOS;24;MINISTERIO DE ENERGÍA;34;SERVICIO DE LA DEUDA;0;9.915.550
2026;Mayo;PESOS;25;MINISTERIO DEL MEDIO AMBIENTE;05;TRANSFERENCIAS CORRIENTES;8.917;146.016
2026;Mayo;PESOS;25;MINISTERIO DEL MEDIO AMBIENTE;08;OTROS INGRESOS CORRIENTES;162.900;682.605
2026;Mayo;PESOS;25;MINISTERIO DEL MEDIO AMBIENTE;09;APORTE FISCAL;6.432.955;38.302.511
2026;Mayo;PESOS;25;MINISTERIO DEL MEDIO AMBIENTE;12;RECUPERACIÓN DE PRÉSTAMOS;3;1.299.802
2026;Mayo;PESOS;25;MINISTERIO DEL MEDIO AMBIENTE;21;GASTOS EN PERSONAL;4.587.933;25.091.374
2026;Mayo;PESOS;25;MINISTERIO DEL MEDIO AMBIENTE;22;BIENES Y SERVICIOS DE CONSUMO;1.023.555;4.625.132
2026;Mayo;PESOS;25;MINISTERIO DEL MEDIO AMBIENTE;23;PRESTACIONES DE SEGURIDAD SOCIAL;48.312;184.550
2026;Mayo;PESOS;25;MINISTERIO DEL MEDIO AMBIENTE;24;TRANSFERENCIAS CORRIENTES;559.737;2.338.851
2026;Mayo;PESOS;25;MINISTERIO DEL MEDIO AMBIENTE;25;INTEGROS AL FISCO;0;54
2026;Mayo;PESOS;25;MINISTERIO DEL MEDIO AMBIENTE;26;OTROS GASTOS CORRIENTES;10.130;30.310
2026;Mayo;PESOS;25;MINISTERIO DEL MEDIO AMBIENTE;29;ADQUISICIÓN DE ACTIVOS NO FINANCIEROS;159.031;372.335
2026;Mayo;PESOS;25;MINISTERIO DEL MEDIO AMBIENTE;34;SERVICIO DE LA DEUDA;0;4.276.931
2026;Mayo;PESOS;26;MINISTERIO DEL DEPORTE;05;TRANSFERENCIAS CORRIENTES;1.124.748;7.329.384
2026;Mayo;PESOS;26;MINISTERIO DEL DEPORTE;06;RENTAS DE LA PROPIEDAD;156;996
2026;Mayo;PESOS;26;MINISTERIO DEL DEPORTE;07;INGRESOS DE OPERACIÓN;878.381;2.931.556
2026;Mayo;PESOS;26;MINISTERIO DEL DEPORTE;08;OTROS INGRESOS CORRIENTES;105.671;1.109.168
2026;Mayo;PESOS;26;MINISTERIO DEL DEPORTE;09;APORTE FISCAL;8.512.525;64.304.928
2026;Mayo;PESOS;26;MINISTERIO DEL DEPORTE;12;RECUPERACIÓN DE PRÉSTAMOS;-2.556;3.666.529
2026;Mayo;PESOS;26;MINISTERIO DEL DEPORTE;21;GASTOS EN PERSONAL;4.442.679;21.179.843
2026;Mayo;PESOS;26;MINISTERIO DEL DEPORTE;22;BIENES Y SERVICIOS DE CONSUMO;1.974.534;11.585.225
2026;Mayo;PESOS;26;MINISTERIO DEL DEPORTE;23;PRESTACIONES DE SEGURIDAD SOCIAL;162.078;619.527
2026;Mayo;PESOS;26;MINISTERIO DEL DEPORTE;24;TRANSFERENCIAS CORRIENTES;5.149.959;19.797.998
2026;Mayo;PESOS;26;MINISTERIO DEL DEPORTE;25;INTEGROS AL FISCO;121.244;627.246
2026;Mayo;PESOS;26;MINISTERIO DEL DEPORTE;29;ADQUISICIÓN DE ACTIVOS NO FINANCIEROS;76.757;367.760
2026;Mayo;PESOS;26;MINISTERIO DEL DEPORTE;31;INICIATIVAS DE INVERSIÓN;388.162;664.927
2026;Mayo;PESOS;26;MINISTERIO DEL DEPORTE;33;TRANSFERENCIAS DE CAPITAL;2.953.439;4.165.888
2026;Mayo;PESOS;26;MINISTERIO DEL DEPORTE;34;SERVICIO DE LA DEUDA;0;10.844.081
2026;Mayo;PESOS;27;MINISTERIO DE LA MUJER Y LA EQUIDAD DE GÉNERO;05;TRANSFERENCIAS CORRIENTES;35.029;167.587
2026;Mayo;PESOS;27;MINISTERIO DE LA MUJER Y LA EQUIDAD DE GÉNERO;08;OTROS INGRESOS CORRIENTES;117.177;701.911
2026;Mayo;PESOS;27;MINISTERIO DE LA MUJER Y LA EQUIDAD DE GÉNERO;09;APORTE FISCAL;3.356.343;47.747.484
2026;Mayo;PESOS;27;MINISTERIO DE LA MUJER Y LA EQUIDAD DE GÉNERO;12;RECUPERACIÓN DE PRÉSTAMOS;0;1.713.581
2026;Mayo;PESOS;27;MINISTERIO DE LA MUJER Y LA EQUIDAD DE GÉNERO;21;GASTOS EN PERSONAL;1.755.799;10.323.412
2026;Mayo;PESOS;27;MINISTERIO DE LA MUJER Y LA EQUIDAD DE GÉNERO;22;BIENES Y SERVICIOS DE CONSUMO;318.344;1.659.329
2026;Mayo;PESOS;27;MINISTERIO DE LA MUJER Y LA EQUIDAD DE GÉNERO;23;PRESTACIONES DE SEGURIDAD SOCIAL;0;77.869
2026;Mayo;PESOS;27;MINISTERIO DE LA MUJER Y LA EQUIDAD DE GÉNERO;24;TRANSFERENCIAS CORRIENTES;1.444.659;35.221.767
2026;Mayo;PESOS;27;MINISTERIO DE LA MUJER Y LA EQUIDAD DE GÉNERO;25;INTEGROS AL FISCO;0;58.629
2026;Mayo;PESOS;27;MINISTERIO DE LA MUJER Y LA EQUIDAD DE GÉNERO;29;ADQUISICIÓN DE ACTIVOS NO FINANCIEROS;23.160;67.514
2026;Mayo;PESOS;27;MINISTERIO DE LA MUJER Y LA EQUIDAD DE GÉNERO;34;SERVICIO DE LA DEUDA;-26;1.612.540
2026;Mayo;PESOS;28;SERVICIO ELECTORAL;05;TRANSFERENCIAS CORRIENTES;18.375;38.316
2026;Mayo;PESOS;28;SERVICIO ELECTORAL;08;OTROS INGRESOS CORRIENTES;12.950;168.424
2026;Mayo;PESOS;28;SERVICIO ELECTORAL;09;APORTE FISCAL;3.057.933;28.142.650
2026;Mayo;PESOS;28;SERVICIO ELECTORAL;10;VENTA DE ACTIVOS NO FINANCIEROS;0;3.236
2026;Mayo;PESOS;28;SERVICIO ELECTORAL;12;RECUPERACIÓN DE PRÉSTAMOS;1;59.695
2026;Mayo;PESOS;28;SERVICIO ELECTORAL;21;GASTOS EN PERSONAL;1.228.341;7.090.024
2026;Mayo;PESOS;28;SERVICIO ELECTORAL;22;BIENES Y SERVICIOS DE CONSUMO;346.183;1.531.435
2026;Mayo;PESOS;28;SERVICIO ELECTORAL;23;PRESTACIONES DE SEGURIDAD SOCIAL;0;87.241
2026;Mayo;PESOS;28;SERVICIO ELECTORAL;24;TRANSFERENCIAS CORRIENTES;808.377;12.165.678
2026;Mayo;PESOS;28;SERVICIO ELECTORAL;25;INTEGROS AL FISCO;20.796;36.553
2026;Mayo;PESOS;28;SERVICIO ELECTORAL;26;OTROS GASTOS CORRIENTES;0;6.927
2026;Mayo;PESOS;28;SERVICIO ELECTORAL;29;ADQUISICIÓN DE ACTIVOS NO FINANCIEROS;625;14.037
2026;Mayo;PESOS;28;SERVICIO ELECTORAL;34;SERVICIO DE LA DEUDA;0;11.579.273
2026;Mayo;PESOS;29;MINISTERIO DE LAS CULTURAS, LAS ARTES Y EL PATRIMONIO;05;TRANSFERENCIAS CORRIENTES;74.821;235.742
2026;Mayo;PESOS;29;MINISTERIO DE LAS CULTURAS, LAS ARTES Y EL PATRIMONIO;06;RENTAS DE LA PROPIEDAD;1.752;8.663
2026;Mayo;PESOS;29;MINISTERIO DE LAS CULTURAS, LAS ARTES Y EL PATRIMONIO;07;INGRESOS DE OPERACIÓN;1.585;63.208
2026;Mayo;PESOS;29;MINISTERIO DE LAS CULTURAS, LAS ARTES Y EL PATRIMONIO;08;OTROS INGRESOS CORRIENTES;515.732;2.639.724
2026;Mayo;PESOS;29;MINISTERIO DE LAS CULTURAS, LAS ARTES Y EL PATRIMONIO;09;APORTE FISCAL;37.590.113;182.411.737
2026;Mayo;PESOS;29;MINISTERIO DE LAS CULTURAS, LAS ARTES Y EL PATRIMONIO;12;RECUPERACIÓN DE PRÉSTAMOS;-2.020;3.697.553
2026;Mayo;PESOS;29;MINISTERIO DE LAS CULTURAS, LAS ARTES Y EL PATRIMONIO;21;GASTOS EN PERSONAL;6.883.967;40.407.659
2026;Mayo;PESOS;29;MINISTERIO DE LAS CULTURAS, LAS ARTES Y EL PATRIMONIO;22;BIENES Y SERVICIOS DE CONSUMO;1.834.709;8.777.477
2026;Mayo;PESOS;29;MINISTERIO DE LAS CULTURAS, LAS ARTES Y EL PATRIMONIO;24;TRANSFERENCIAS CORRIENTES;4.502.428;112.152.282
2026;Mayo;PESOS;29;MINISTERIO DE LAS CULTURAS, LAS ARTES Y EL PATRIMONIO;25;INTEGROS AL FISCO;744.403;3.969.583
2026;Mayo;PESOS;29;MINISTERIO DE LAS CULTURAS, LAS ARTES Y EL PATRIMONIO;29;ADQUISICIÓN DE ACTIVOS NO FINANCIEROS;158.666;640.436
2026;Mayo;PESOS;29;MINISTERIO DE LAS CULTURAS, LAS ARTES Y EL PATRIMONIO;31;INICIATIVAS DE INVERSIÓN;2.735.633;10.724.984
2026;Mayo;PESOS;29;MINISTERIO DE LAS CULTURAS, LAS ARTES Y EL PATRIMONIO;33;TRANSFERENCIAS DE CAPITAL;2.939.726;23.489.726
2026;Mayo;PESOS;29;MINISTERIO DE LAS CULTURAS, LAS ARTES Y EL PATRIMONIO;34;SERVICIO DE LA DEUDA;-1.071;25.626.721
2026;Mayo;PESOS;30;MINISTERIO DE CIENCIA, TECNOLOGÍA, CONOCIMIENTO E INNOVACIÓN;05;TRANSFERENCIAS CORRIENTES;20.939;108.307
2026;Mayo;PESOS;30;MINISTERIO DE CIENCIA, TECNOLOGÍA, CONOCIMIENTO E INNOVACIÓN;08;OTROS INGRESOS CORRIENTES;1.205.156;5.167.188
2026;Mayo;PESOS;30;MINISTERIO DE CIENCIA, TECNOLOGÍA, CONOCIMIENTO E INNOVACIÓN;09;APORTE FISCAL;41.274.174;179.409.441
2026;Mayo;PESOS;30;MINISTERIO DE CIENCIA, TECNOLOGÍA, CONOCIMIENTO E INNOVACIÓN;12;RECUPERACIÓN DE PRÉSTAMOS;-717.534;930.251
2026;Mayo;PESOS;30;MINISTERIO DE CIENCIA, TECNOLOGÍA, CONOCIMIENTO E INNOVACIÓN;21;GASTOS EN PERSONAL;1.725.548;10.211.834
2026;Mayo;PESOS;30;MINISTERIO DE CIENCIA, TECNOLOGÍA, CONOCIMIENTO E INNOVACIÓN;22;BIENES Y SERVICIOS DE CONSUMO;430.306;1.878.452
2026;Mayo;PESOS;30;MINISTERIO DE CIENCIA, TECNOLOGÍA, CONOCIMIENTO E INNOVACIÓN;24;TRANSFERENCIAS CORRIENTES;48.955.545;181.033.889
2026;Mayo;PESOS;30;MINISTERIO DE CIENCIA, TECNOLOGÍA, CONOCIMIENTO E INNOVACIÓN;25;INTEGROS AL FISCO;0;1.043.033
2026;Mayo;PESOS;30;MINISTERIO DE CIENCIA, TECNOLOGÍA, CONOCIMIENTO E INNOVACIÓN;29;ADQUISICIÓN DE ACTIVOS NO FINANCIEROS;56.996;84.515
2026;Mayo;PESOS;30;MINISTERIO DE CIENCIA, TECNOLOGÍA, CONOCIMIENTO E INNOVACIÓN;33;TRANSFERENCIAS DE CAPITAL;84.779;84.779
2026;Mayo;PESOS;30;MINISTERIO DE CIENCIA, TECNOLOGÍA, CONOCIMIENTO E INNOVACIÓN;34;SERVICIO DE LA DEUDA;-7.423;34.739.364
2026;Mayo;PESOS;31;FINANCIAMIENTO GOBIERNOS REGIONALES;09;APORTE FISCAL;94.659.837;561.512.300
2026;Mayo;PESOS;31;FINANCIAMIENTO GOBIERNOS REGIONALES;13;TRANSFERENCIAS PARA GASTOS DE CAPITAL;35.289.917;153.736.577
2026;Mayo;PESOS;31;FINANCIAMIENTO GOBIERNOS REGIONALES;24;TRANSFERENCIAS CORRIENTES;9.736.638;47.201.262
2026;Mayo;PESOS;31;FINANCIAMIENTO GOBIERNOS REGIONALES;33;TRANSFERENCIAS DE CAPITAL;120.294.378;668.442.972
2026;Mayo;PESOS;32;MINISTERIO DE SEGURIDAD PÚBLICA;05;TRANSFERENCIAS CORRIENTES;-677.788;2.095.812
2026;Mayo;PESOS;32;MINISTERIO DE SEGURIDAD PÚBLICA;06;RENTAS DE LA PROPIEDAD;7.936;48.894
2026;Mayo;PESOS;32;MINISTERIO DE SEGURIDAD PÚBLICA;07;INGRESOS DE OPERACIÓN;5.947.197;15.095.132
2026;Mayo;PESOS;32;MINISTERIO DE SEGURIDAD PÚBLICA;08;OTROS INGRESOS CORRIENTES;131.839;1.357.934
2026;Mayo;PESOS;32;MINISTERIO DE SEGURIDAD PÚBLICA;09;APORTE FISCAL;181.623.984;948.979.974
2026;Mayo;PESOS;32;MINISTERIO DE SEGURIDAD PÚBLICA;10;VENTA DE ACTIVOS NO FINANCIEROS;0;401.690
2026;Mayo;PESOS;32;MINISTERIO DE SEGURIDAD PÚBLICA;12;RECUPERACIÓN DE PRÉSTAMOS;111.789;3.344.730
2026;Mayo;PESOS;32;MINISTERIO DE SEGURIDAD PÚBLICA;21;GASTOS EN PERSONAL;147.543.899;751.377.179
2026;Mayo;PESOS;32;MINISTERIO DE SEGURIDAD PÚBLICA;22;BIENES Y SERVICIOS DE CONSUMO;20.779.488;102.341.196
2026;Mayo;PESOS;32;MINISTERIO DE SEGURIDAD PÚBLICA;23;PRESTACIONES DE SEGURIDAD SOCIAL;460.563;3.326.076
2026;Mayo;PESOS;32;MINISTERIO DE SEGURIDAD PÚBLICA;24;TRANSFERENCIAS CORRIENTES;1.034.238;49.102.744
2026;Mayo;PESOS;32;MINISTERIO DE SEGURIDAD PÚBLICA;25;INTEGROS AL FISCO;0;7.465.793
2026;Mayo;PESOS;32;MINISTERIO DE SEGURIDAD PÚBLICA;26;OTROS GASTOS CORRIENTES;110.794;173.221
2026;Mayo;PESOS;32;MINISTERIO DE SEGURIDAD PÚBLICA;29;ADQUISICIÓN DE ACTIVOS NO FINANCIEROS;695.716;2.924.765
2026;Mayo;PESOS;32;MINISTERIO DE SEGURIDAD PÚBLICA;31;INICIATIVAS DE INVERSIÓN;4.077.017;13.994.594
2026;Mayo;PESOS;32;MINISTERIO DE SEGURIDAD PÚBLICA;32;PRÉSTAMOS;5.421;1.096.691
2026;Mayo;PESOS;32;MINISTERIO DE SEGURIDAD PÚBLICA;33;TRANSFERENCIAS DE CAPITAL;0;7.307.642
2026;Mayo;PESOS;32;MINISTERIO DE SEGURIDAD PÚBLICA;34;SERVICIO DE LA DEUDA;0;32.451.790
2026;Mayo;PESOS;50;TESORO PÚBLICO;01;IMPUESTOS;1.889.861.167;27.588.901.663
2026;Mayo;PESOS;50;TESORO PÚBLICO;05;TRANSFERENCIAS CORRIENTES;2.963.763;34.051.312
2026;Mayo;PESOS;50;TESORO PÚBLICO;06;RENTAS DE LA PROPIEDAD;13.856.508;76.345.563
2026;Mayo;PESOS;50;TESORO PÚBLICO;07;INGRESOS DE OPERACIÓN;461.407;6.535.751
2026;Mayo;PESOS;50;TESORO PÚBLICO;08;OTROS INGRESOS CORRIENTES;111.257.702;631.460.734
2026;Mayo;PESOS;50;TESORO PÚBLICO;10;VENTA DE ACTIVOS NO FINANCIEROS;13.979;113.748
2026;Mayo;PESOS;50;TESORO PÚBLICO;11;VENTA DE ACTIVOS FINANCIEROS;1.226.525.562;888.371.255
2026;Mayo;PESOS;50;TESORO PÚBLICO;12;RECUPERACIÓN DE PRÉSTAMOS;-38.105.817;13.460.209
2026;Mayo;PESOS;50;TESORO PÚBLICO;13;TRANSFERENCIAS PARA GASTOS DE CAPITAL;7.440.275;43.733.981
2026;Mayo;PESOS;50;TESORO PÚBLICO;14;ENDEUDAMIENTO;1.744.359.747;8.662.966.552
2026;Mayo;PESOS;50;TESORO PÚBLICO;22;BIENES Y SERVICIOS DE CONSUMO;41.188;249.940
2026;Mayo;PESOS;50;TESORO PÚBLICO;23;PRESTACIONES DE SEGURIDAD SOCIAL;19.670.355;96.599.277
2026;Mayo;PESOS;50;TESORO PÚBLICO;24;TRANSFERENCIAS CORRIENTES;531.761.444;1.735.389.787
2026;Mayo;PESOS;50;TESORO PÚBLICO;26;OTROS GASTOS CORRIENTES;8.202.658;49.517.121
2026;Mayo;PESOS;50;TESORO PÚBLICO;27;APORTE FISCAL LIBRE;5.449.250.418;29.242.752.983
2026;Mayo;PESOS;50;TESORO PÚBLICO;28;APORTE FISCAL PARA SERVICIO DE LA DEUDA;30.554.728;137.681.444
2026;Mayo;PESOS;50;TESORO PÚBLICO;30;ADQUISICIÓN DE ACTIVOS FINANCIEROS;243.641.201;2.612.186.577
2026;Mayo;PESOS;50;TESORO PÚBLICO;32;PRÉSTAMOS;-1.032;-3.730
2026;Mayo;PESOS;50;TESORO PÚBLICO;33;TRANSFERENCIAS DE CAPITAL;160.146.879;569.391.823
2026;Mayo;PESOS;50;TESORO PÚBLICO;34;SERVICIO DE LA DEUDA;449.763.095;3.761.951.720
